{
    "$schema": "https://schema.management.azure.com/schemas/2015-01-01/deploymentParameters.json#",
    "contentVersion": "1.0.0.0",
    "parameters": {
        "clusterName": {
            "value": "test"
        },
        "clusterLocation": {
            "value": "ukwest"
        },
        "computeLocation": {
            "value": "ukwest"
        },
        "adminUserName": {
            "value": "testadmin"
        },
        "adminPassword": {
            "value": "47RvF4ZbCKc0dPyFQmYU"
        },
        "nicName": {
            "value": "NIC-test"
        },
        "publicIPAddressName": {
            "value": "test-PubIP"
        },
        "dnsName": {
            "value": "test"
        },
        "virtualNetworkName": {
            "value": "VNet-test"
        },
        "lbName": {
            "value": "LB-test"
        },
        "lbIPName": {
            "value": "LBIP-test"
        },
        "applicationDiagnosticsStorageAccountName": {
            "value": "sfdgtest5443"
        },
        "supportLogStorageAccountName": {
            "value": "sflogstest1534"
        },
        "sourceVaultValue": {
            "value": "/subscriptions/4125e640-51bc-48c3-aa76-30fae17f76bb/resourceGroups/test-sf/providers/Microsoft.KeyVault/vaults/test-sf"
        },
        "certificateUrlValue": {
            "value": "https://test-sf.vault.azure.net/secrets/testsf/501465db12384ef4901af6e65cb7157e"
        },
        "certificateThumbprint": {
            "value": "D0A52793001F92CC08060D0428C6CF8412FE1E80"
        },
        "vmImageSku": {
            "value": "2016-Datacenter"
        },
        "vmImageOffer": {
            "value": "WindowsServer"
        },
        "nt0ephemeralStartPort": {
            "value": 49152
        },
        "nt0ephemeralEndPort": {
            "value": 65534
        },
        "nt0applicationStartPort": {
            "value": 20000
        },
        "nt0applicationEndPort": {
            "value": 30000
        },
        "nt0fabricTcpGatewayPort": {
            "value": 19000
        },
        "nt0fabricHttpGatewayPort": {
            "value": 19080
        }
    }
}