{
    "$schema": "https://schema.management.azure.com/schemas/2015-01-01/deploymentParameters.json#",
    "contentVersion": "1.0.0.0",
    "parameters": {
        "clusterName": {
            "value": "test"
        },
        "clusterLocation": {
            "value": "ukwest"
        },
        "computeLocation": {
            "value": "ukwest"
        },
        "adminUserName": {
            "value": "testadmin"
        },
        "adminPassword": {
            "value": "47RvF4ZbCKc0dPyFQmYU"
        },
        "nicName": {
            "value": "NIC-test"
        },
        "nt0InstanceCount": {
            "value": "5"
        },
        "internalLBAddress": {
            "value": "10.3.8.250"
        },
        "publicIPAddressName": {
            "value": "test-PubIP"
        },
        "virtualNetworkName": {
            "value": "VNet-test"
        },
        "lbName": {
            "value": "LB-test"
        },
        "applicationDiagnosticsStorageAccountName": {
            "value": "sfdgtest5443"
        },
		"applicationInsightsKey": {
            "value": "91520434-314b-4602-a86d-c8cd4126b64a"
        },
        "supportLogStorageAccountName": {
            "value": "sflogstest1534"
        },
        "sourceVaultValue": {
            "value": "/subscriptions/4125e640-51bc-48c3-aa76-30fae17f76bb/resourceGroups/test-sf/providers/Microsoft.KeyVault/vaults/test-sf"
        },
        "certificateUrlValue": {
            "value": "https://test-sf.vault.azure.net:443/secrets/localhost/2e8fdb254e6a46d4ad4676cf06407e0b"
        },
        "certificateThumbprint": {
            "value": "D5D9D072C2FCC8C97D398FD5A9E885FED462BFC9"
        },
        "vmImageSku": {
            "value": "2016-Datacenter"
        },
        "vmImageOffer": {
            "value": "WindowsServer"
        },
        "nt0ephemeralStartPort": {
            "value": 49152
        },
        "nt0ephemeralEndPort": {
            "value": 65534
        },
        "nt0applicationStartPort": {
            "value": 20000
        },
        "nt0applicationEndPort": {
            "value": 30000
        },
        "nt0fabricTcpGatewayPort": {
            "value": 19000
        },
        "nt0fabricHttpGatewayPort": {
            "value": 19080
        }
    }
}