{
    "$schema": "http://schema.management.azure.com/schemas/2015-01-01/deploymentTemplate.json",
    "contentVersion": "1.0.0.0",
    "parameters": {
        "clusterLocation": {
            "type": "string",
            "defaultValue": "westus",
            "metadata": {
                "description": "Location of the Cluster"
            }
        },
        "clusterName": {
            "type": "string",
            "defaultValue": "GEN-UNIQUE",
            "metadata": {
                "description": "Name of your cluster - Between 3 and 23 characters. Letters and numbers only"
            }
        },
        "nt0applicationStartPort": {
            "type": "int",
            "defaultValue": 20000
        },
        "nt0applicationEndPort": {
            "type": "int",
            "defaultValue": 30000
        },
        "nt0ephemeralStartPort": {
            "type": "int",
            "defaultValue": 49152
        },
        "nt0ephemeralEndPort": {
            "type": "int",
            "defaultValue": 65534
        },
        "nt0fabricTcpGatewayPort": {
            "type": "int",
            "defaultValue": 19000
        },
        "nt0fabricHttpGatewayPort": {
            "type": "int",
            "defaultValue": 19080
        },
        "subnet0Name": {
            "type": "string",
            "defaultValue": "Subnet-0"
        },
        /*
        "subnet0Prefix": {
            "type": "string",
            "defaultValue": "10.1.2.0/24"
        },
        */
        "existingVNetRGName": {
            "type": "string",
            "defaultValue": "test-sf"
        },
        "existingVNetName": {
            "type": "string",
            "defaultValue": "VNet-test"
        },
        "computeLocation": {
            "type": "string"
        },
        "publicIPAddressName": {
            "type": "string",
            "defaultValue": "PublicIP-VM"
        },
        "publicIPAddressType": {
            "type": "string",
            "allowedValues": [
                "Dynamic"
            ],
            "defaultValue": "Dynamic"
        },
        "vmStorageAccountContainerName": {
            "type": "string",
            "defaultValue": "vhds"
        },
        "adminUserName": {
            "type": "string",
            "defaultValue": "testadm",
            "metadata": {
                "description": "Remote desktop user Id"
            }
        },
        "adminPassword": {
            "type": "securestring",
            "metadata": {
                "description": "Remote desktop user password. Must be a strong password"
            }
        },
        "virtualNetworkName": {
            "type": "string",
            "defaultValue": "VNet"
        },
        "addressPrefix": {
            "type": "string",
            "defaultValue": "10.1.2.0/16"
        },
		"internalLBAddress": {
            "type": "string",
            "defaultValue": "10.1.2.250"
        },
        "nicName": {
            "type": "string",
            "defaultValue": "NIC"
        },
        "lbName": {
            "type": "string",
            "defaultValue": "LoadBalancer"
        },
        "LBReverseProxyPort": {
            "type": "int",
            "defaultValue": 19081,
            "metadata": {
            "description": "Input endpoint2 for the application to use. Replace it with what your application uses"
            }
        },
        "SFReverseProxyPort": {
            "type": "int",
            "defaultValue": 19081,
            "metadata": {
            "description": "Endpoint for Service Fabric Reverse proxy"
            }
        },
        "overProvision": {
            "type": "string",
            "defaultValue": "false"
        },
        "vmImagePublisher": {
            "type": "string",
            "defaultValue": "MicrosoftWindowsServer",
            "metadata": {
                "description": "VM image Publisher"
            }
        },
        "vmImageOffer": {
            "type": "string",
            "defaultValue": "WindowsServer",
            "metadata": {
                "description": "VM image offer"
            }
        },
        "vmImageSku": {
            "type": "string",
            "defaultValue": "2016-Datacenter-with-Containers",
            "metadata": {
                "description": "VM image SKU"
            }
        },
        "vmImageVersion": {
            "type": "string",
            "defaultValue": "latest",
            "metadata": {
                "description": "VM image version"
            }
        },
        "sourceVaultValue": {
            "type": "string",
            "defaultValue": "GEN-KEYVAULT-RESOURCE-ID",
            "metadata": {
                "description": "Resource Id of the key vault, is should be in the format of /subscriptions/<Sub ID>/resourceGroups/<Resource group name>/providers/Microsoft.KeyVault/vaults/<vault name>"
            }
        },
        "certificateUrlValue": {
            "type": "string",
            "defaultValue": "GEN-KEYVAULT-SSL-SECRET-URI",
            "metadata": {
                "description": "Refers to the location URL in your key vault where the certificate was uploaded, it is should be in the format of https://<name of the vault>.vault.azure.net:443/secrets/<exact location>"
            }
        },
        "clusterProtectionLevel": {
            "type": "string",
            "allowedValues": [
                "None",
                "Sign",
                "EncryptAndSign"
            ],
            "defaultValue": "EncryptAndSign",
            "metadata": {
                "description": "Protection level.Three values are allowed - EncryptAndSign, Sign, None. It is best to keep the default of EncryptAndSign, unless you have a need not to"
            }
        },
        "certificateStoreValue": {
            "type": "string",
            "allowedValues": [
                "My"
            ],
            "defaultValue": "My",
            "metadata": {
                "description": "The store name where the cert will be deployed in the virtual machine"
            }
        },
        "certificateThumbprint": {
            "type": "string",
            "defaultValue": "GEN-CUSTOM-DOMAIN-SSLCERT-THUMBPRINT",
            "metadata": {
                "description": "Certificate Thumbprint"
            }
        },
        "storageAccountType": {
            "type": "string",
            "allowedValues": [
                "Standard_LRS",
                "Standard_GRS"
            ],
            "defaultValue": "Standard_LRS",
            "metadata": {
                "description": "Replication option for the VM image storage account"
            }
        },
        "supportLogStorageAccountType": {
            "type": "string",
            "allowedValues": [
                "Standard_LRS",
                "Standard_GRS"
            ],
            "defaultValue": "Standard_LRS",
            "metadata": {
                "description": "Replication option for the support log storage account"
            }
        },
        "supportLogStorageAccountName": {
            "type": "string",
            "defaultValue": "[toLower( concat('sflogs', uniqueString(resourceGroup().id),'2'))]",
            "metadata": {
                "description": "Name for the storage account that contains support logs from the cluster"
            }
        },
        "applicationDiagnosticsStorageAccountType": {
            "type": "string",
            "allowedValues": [
                "Standard_LRS",
                "Standard_GRS"
            ],
            "defaultValue": "Standard_LRS",
            "metadata": {
                "description": "Replication option for the application diagnostics storage account"
            }
        },
        "applicationDiagnosticsStorageAccountName": {
            "type": "string",
            "defaultValue": "[toLower(concat('wad',uniqueString(resourceGroup().id), '3' ))]",
            "metadata": {
                "description": "Name for the storage account that contains application diagnostics data from the cluster"
            }
        },
        "nt0InstanceCount": {
            "type": "int",
            "defaultValue": 5,
            "metadata": {
                "description": "Instance count for node type"
            }
        },
        "vmNodeType0Name": {
            "type": "string",
            "defaultValue": "Type860",
            "maxLength": 9
        },
        "vmNodeType0Size": {
            "type": "string",
            "defaultValue": "Standard_E4s_v3"
        },
        "applicationInsightsKey": {
            "type": "string"
        }
    },
    "variables": {
        "vmssApiVersion": "2017-03-30",
        "sfrpApiVersion": "2018-02-01",
        "lbApiVersion": "2015-06-15",
        "vNetApiVersion": "2015-06-15",
        "storageApiVersion": "2016-01-01",
        "publicIPApiVersion": "2015-06-15",
        /*
        "vnetID": "[resourceId('Microsoft.Network/virtualNetworks',parameters('virtualNetworkName'))]",
        */
        "vnetID": "[resourceId('Microsoft.Network/virtualNetworks',parameters('existingVNetName'))]",
        "subnet0Ref": "[concat(variables('vnetID'),'/subnets/',parameters('subnet0Name'))]",
        "lbID0": "[resourceId('Microsoft.Network/loadBalancers', concat('LB','-', parameters('clusterName'),'-',parameters('vmNodeType0Name')))]",
        "lbIPConfig0": "[concat(variables('lbID0'),'/frontendIPConfigurations/LoadBalancerIPConfig')]",
        "lbPoolID0": "[concat(variables('lbID0'),'/backendAddressPools/LoadBalancerBEAddressPool')]",
        "lbProbeID0": "[concat(variables('lbID0'),'/probes/FabricGatewayProbe')]",
        "lbHttpProbeID0": "[concat(variables('lbID0'),'/probes/FabricHttpGatewayProbe')]",
        "lbNatPoolID0": "[concat(variables('lbID0'),'/inboundNatPools/LoadBalancerBEAddressNatPool')]",
        "vmStorageAccountName0": "[toLower(concat(uniqueString(resourceGroup().id), '1', '0' ))]",
        "lbName": "[concat('LB','-', parameters('clusterName'),'-',parameters('vmNodeType0Name'))]",
        "traefikmgmtPort": "8009",
        "portalrouterPort":  "8012"
    },
    "resources": [
        {
            "apiVersion": "[variables('storageApiVersion')]",
            "type": "Microsoft.Storage/storageAccounts",
            "name": "[parameters('supportLogStorageAccountName')]",
            "location": "[parameters('computeLocation')]",
            "dependsOn": [],
            "properties": {},
            "kind": "Storage",
            "sku": {
                "name": "[parameters('supportLogStorageAccountType')]"
            },
            "tags": {
                "resourceType": "Service Fabric",
                "clusterName": "[parameters('clusterName')]"
            }
        },
        {
            "apiVersion": "[variables('storageApiVersion')]",
            "type": "Microsoft.Storage/storageAccounts",
            "name": "[parameters('applicationDiagnosticsStorageAccountName')]",
            "location": "[parameters('computeLocation')]",
            "dependsOn": [],
            "properties": {},
            "kind": "Storage",
            "sku": {
                "name": "[parameters('applicationDiagnosticsStorageAccountType')]"
            },
            "tags": {
                "resourceType": "Service Fabric",
                "clusterName": "[parameters('clusterName')]"
            }
        },
        /*
        {
            "apiVersion": "[variables('vNetApiVersion')]",
            "type": "Microsoft.Network/virtualNetworks",
            "name": "[parameters('virtualNetworkName')]",
            "location": "[parameters('computeLocation')]",
            "dependsOn": [],
            "properties": {
                "addressSpace": {
                    "addressPrefixes": [
                        "[parameters('addressPrefix')]"
                    ]
                },
                "subnets": [
                    {
                        "name": "[parameters('subnet0Name')]",
                        "properties": {
                            "addressPrefix": "[parameters('subnet0Prefix')]"
                        }
                    }
                ]
            },
            "tags": {
                "resourceType": "Service Fabric",
                "clusterName": "[parameters('clusterName')]"
            }
        },
        */
        {
            "apiVersion": "[variables('lbApiVersion')]",
            "type": "Microsoft.Network/loadBalancers",
            "name": "[variables('lbName')]",
            "location": "[parameters('computeLocation')]",
            "dependsOn": [
                /*
                "[concat('Microsoft.Network/virtualNetworks/',parameters('virtualNetworkName'))]"
                */
                ],
            "properties": {
                "frontendIPConfigurations": [
                    {
                        "name": "LoadBalancerIPConfig",
                        "properties": {
							"subnet" :{
                                "id": "[variables('subnet0Ref')]"
                            },
                            "privateIPAddress": "[parameters('internalLBAddress')]",
                            "privateIPAllocationMethod": "Static"
                        }
                    }
                ],
                "backendAddressPools": [
                    {
                        "name": "LoadBalancerBEAddressPool",
                        "properties": {}
                    }
                ],
                "loadBalancingRules": [
                    {
                        "name": "LBRule",
                        "properties": {
                            "backendAddressPool": {
                                "id": "[variables('lbPoolID0')]"
                            },
                            "backendPort": "[parameters('nt0fabricTcpGatewayPort')]",
                            "enableFloatingIP": "false",
                            "frontendIPConfiguration": {
                                "id": "[variables('lbIPConfig0')]"
                            },
                            "frontendPort": "[parameters('nt0fabricTcpGatewayPort')]",
                            "idleTimeoutInMinutes": "5",
                            "probe": {
                                "id": "[variables('lbProbeID0')]"
                            },
                            "protocol": "tcp"
                        }
                    },
                    {
                        "name": "LBHttpRule",
                        "properties": {
                            "backendAddressPool": {
                                "id": "[variables('lbPoolID0')]"
                            },
                            "backendPort": "[parameters('nt0fabricHttpGatewayPort')]",
                            "enableFloatingIP": "false",
                            "frontendIPConfiguration": {
                                "id": "[variables('lbIPConfig0')]"
                            },
                            "frontendPort": "[parameters('nt0fabricHttpGatewayPort')]",
                            "idleTimeoutInMinutes": "5",
                            "probe": {
                                "id": "[variables('lbHttpProbeID0')]"
                            },
                            "protocol": "tcp"
                        }
                    },
                    {
                        "name": "LBReverseProxyRule",
                        "properties": {
                            "backendAddressPool": {
                                "id": "[variables('lbPoolID0')]"
                            },
                            "backendPort": "[parameters('LBReverseProxyPort')]",
                            "enableFloatingIP": false,
                            "frontendIPConfiguration": {
                                "id": "[variables('lbIPConfig0')]"
                            },
                            "frontendPort": "[parameters('LBReverseProxyPort')]",
                            "idleTimeoutInMinutes": 5,
                            "probe": {
                                "id": "[resourceId('Microsoft.Network/loadBalancers/probes', variables('lbName'), 'LBReverseProxyProb')]"
                            },
                            "protocol": "Tcp"
                        }
                    },
                    {
                      "name": "TrafiekManagementRule",
                      "properties": {
                        "backendAddressPool": {
                          "id": "[variables('lbPoolID0')]"
                        },
                        "backendPort": "[variables('traefikmgmtPort')]",
                        "enableFloatingIP": false,
                        "frontendIPConfiguration": {
                          "id": "[variables('lbIPConfig0')]"
                        },
                        "frontendPort": "[variables('traefikmgmtPort')]",
                        "idleTimeoutInMinutes": 5,
                        "probe": {
                          "id": "[resourceId('Microsoft.Network/loadBalancers/probes', variables('lbName'), 'traefikmgmtProb')]"
                        },
                        "protocol": "Tcp"
                      }
                    },
                    {
                      "name": "PortalRouterRule",
                      "properties": {
                        "backendAddressPool": {
                          "id": "[variables('lbPoolID0')]"
                        },
                        "backendPort": "[variables('portalrouterPort')]",
                        "enableFloatingIP": false,
                        "frontendIPConfiguration": {
                          "id": "[variables('lbIPConfig0')]"
                        },
                        "frontendPort": "[variables('portalRouterPort')]",
                        "idleTimeoutInMinutes": 5,
                        "probe": {
                          "id": "[resourceId('Microsoft.Network/loadBalancers/probes', variables('lbName'), 'portalrouterProb')]"
                        },
                        "protocol": "Tcp"
                      }
                    }
                ],
                "probes": [
                    {
                        "name": "FabricGatewayProbe",
                        "properties": {
                            "intervalInSeconds": 5,
                            "numberOfProbes": 2,
                            "port": "[parameters('nt0fabricTcpGatewayPort')]",
                            "protocol": "tcp"
                        }
                    },
                    {
                        "name": "FabricHttpGatewayProbe",
                        "properties": {
                            "intervalInSeconds": 5,
                            "numberOfProbes": 2,
                            "port": "[parameters('nt0fabricHttpGatewayPort')]",
                            "protocol": "tcp"
                        }
                    },
                    {
                        "name": "LBReverseProxyProb",
                        "properties": {
                            "intervalInSeconds": 5,
                            "numberOfProbes": 2,
                            "port": "[parameters('LBReverseProxyPort')]",
                            "protocol": "Tcp"
                        }
                    },
                    {
                      "name": "traefikmgmtProb",
                      "properties": {
                        "intervalInSeconds": 5,
                        "numberOfProbes": 2,
                        "port": "[variables('traefikmgmtPort')]",
                        "protocol": "Tcp"
                      }
                    },
                    {
                      "name": "portalrouterProb",
                      "properties": {
                        "intervalInSeconds": 5,
                        "numberOfProbes": 2,
                        "port": "[variables('portalrouterPort')]",
                        "protocol": "Tcp"
                      }
                    }
                ],
                "inboundNatPools": [
                    {
                        "name": "LoadBalancerBEAddressNatPool",
                        "properties": {
                            "backendPort": "3389",
                            "frontendIPConfiguration": {
                                "id": "[variables('lbIPConfig0')]"
                            },
                            "frontendPortRangeEnd": "4500",
                            "frontendPortRangeStart": "3389",
                            "protocol": "tcp"
                        }
                    }
                ]
            },
            "tags": {
                "resourceType": "Service Fabric",
                "clusterName": "[parameters('clusterName')]"
            }
        },
        {
            "apiVersion": "[variables('vmssApiVersion')]",
            "type": "Microsoft.Compute/virtualMachineScaleSets",
            "name": "[parameters('vmNodeType0Name')]",
            "location": "[parameters('computeLocation')]",
            "dependsOn": [
                /*
                "[concat('Microsoft.Network/virtualNetworks/', parameters('virtualNetworkName'))]",
                */
                "[concat('Microsoft.Network/loadBalancers/', concat('LB','-', parameters('clusterName'),'-',parameters('vmNodeType0Name')))]",
                "[concat('Microsoft.Storage/storageAccounts/', parameters('supportLogStorageAccountName'))]",
                "[concat('Microsoft.Storage/storageAccounts/', parameters('applicationDiagnosticsStorageAccountName'))]",
                "[variables('lbName')]"
            ],
            "properties": {
                "overprovision": "[parameters('overProvision')]",
                "upgradePolicy": {
                    "mode": "Automatic"
                },
                "virtualMachineProfile": {
                    "extensionProfile": {
                        "extensions": [
                            {
                                "name": "[concat(parameters('vmNodeType0Name'),'_ServiceFabricNode')]",
                                "properties": {
                                    "type": "ServiceFabricNode",
                                    "autoUpgradeMinorVersion": true,
                                    "protectedSettings": {
                                        "StorageAccountKey1": "[listKeys(resourceId('Microsoft.Storage/storageAccounts', parameters('supportLogStorageAccountName')),'2015-05-01-preview').key1]",
                                        "StorageAccountKey2": "[listKeys(resourceId('Microsoft.Storage/storageAccounts', parameters('supportLogStorageAccountName')),'2015-05-01-preview').key2]"
                                    },
                                    "publisher": "Microsoft.Azure.ServiceFabric",
                                    "settings": {
                                        "clusterEndpoint": "[reference(parameters('clusterName')).clusterEndpoint]",
                                        "nodeTypeRef": "[parameters('vmNodeType0Name')]",
                                        "dataPath": "c:\\\\SvcFab",
                                        "durabilityLevel": "Silver",
                                        "enableParallelJobs": true,
                                        /*
                                        "nicPrefixOverride": "[parameters('subnet0Prefix')]",
                                        */
                                        "certificate": {
                                            "thumbprint": "[parameters('certificateThumbprint')]",
                                            "x509StoreName": "[parameters('certificateStoreValue')]"
                                        }
                                    },
                                    "typeHandlerVersion": "1.1"
                                }
                            },
                            {
                                "name": "[concat('VMDiagnosticsVmExt','_vmNodeType0Name')]",
                                "properties": {
                                    "type": "IaaSDiagnostics",
                                    "autoUpgradeMinorVersion": true,
                                    "protectedSettings": {
                                        "storageAccountName": "[parameters('applicationDiagnosticsStorageAccountName')]",
                                        "storageAccountKey": "[listKeys(resourceId('Microsoft.Storage/storageAccounts', parameters('applicationDiagnosticsStorageAccountName')),'2015-05-01-preview').key1]",
                                        "storageAccountEndPoint": "https://core.windows.net/"
                                    },
                                    "publisher": "Microsoft.Azure.Diagnostics",
                                    "settings": {
                                        "WadCfg": {
                                            "DiagnosticMonitorConfiguration": {
                                                "overallQuotaInMB": "50000",
												"sinks": "applicationInsights",
                                                "EtwProviders": {
                                                    "EtwEventSourceProviderConfiguration": [
                                                        {
                                                            "provider": "Microsoft-ServiceFabric-Actors",
                                                            "scheduledTransferKeywordFilter": "1",
                                                            "scheduledTransferPeriod": "PT5M",
                                                            "DefaultEvents": {
                                                                "eventDestination": "ServiceFabricReliableActorEventTable"
                                                            }
                                                        },
                                                        {
                                                            "provider": "Microsoft-ServiceFabric-Services",
                                                            "scheduledTransferPeriod": "PT5M",
                                                            "DefaultEvents": {
                                                                "eventDestination": "ServiceFabricReliableServiceEventTable"
                                                            }
                                                        }
                                                    ],
                                                    "EtwManifestProviderConfiguration": [
                                                        {
                                                            "provider": "cbd93bc2-71e5-4566-b3a7-595d8eeca6e8",
                                                            "scheduledTransferLogLevelFilter": "Information",
                                                            "scheduledTransferKeywordFilter": "4611686018427387904",
                                                            "scheduledTransferPeriod": "PT5M",
                                                            "DefaultEvents": {
                                                                "eventDestination": "ServiceFabricSystemEventTable"
                                                            }
                                                        }
                                                    ]
                                                }
                                            },
											"SinksConfig": {
                                                "Sink": [
                                                    {
                                                        "name": "applicationInsights",
                                                        "ApplicationInsights": "[parameters('applicationInsightsKey')]"
                                                    }
                                                ]
                                            }
                                        },
                                        "StorageAccount": "[parameters('applicationDiagnosticsStorageAccountName')]"
                                    },
                                    "typeHandlerVersion": "1.5"
                                }
                            }
                        ]
                    },
                    "networkProfile": {
                        "networkInterfaceConfigurations": [
                            {
                                "name": "[concat(parameters('nicName'), '-0')]",
                                "properties": {
                                    "ipConfigurations": [
                                        {
                                            "name": "[concat(parameters('nicName'),'-',0)]",
                                            "properties": {
                                                "loadBalancerBackendAddressPools": [
                                                    {
                                                        "id": "[variables('lbPoolID0')]"
                                                    }
                                                ],
                                                "loadBalancerInboundNatPools": [
                                                    {
                                                        "id": "[variables('lbNatPoolID0')]"
                                                    }
                                                ],
                                                "subnet": {
                                                    "id": "[variables('subnet0Ref')]"
                                                }
                                            }
                                        }
                                    ],
                                    "primary": true
                                }
                            }
                        ]
                    },
                    "osProfile": {
                        "adminPassword": "[parameters('adminPassword')]",
                        "adminUsername": "[parameters('adminUsername')]",
                        "computernamePrefix": "[parameters('vmNodeType0Name')]",
                        "secrets": [
                            {
                                "sourceVault": {
                                    "id": "[parameters('sourceVaultValue')]"
                                },
                                "vaultCertificates": [
                                    {
                                        "certificateStore": "[parameters('certificateStoreValue')]",
                                        "certificateUrl": "[parameters('certificateUrlValue')]"
                                    }
                                ]
                            }
                        ]
                    },
                  "storageProfile": {
                    "imageReference": {
                      "publisher": "[parameters('vmImagePublisher')]",
                      "offer": "[parameters('vmImageOffer')]",
                      "sku": "[parameters('vmImageSku')]",
                      "version": "[parameters('vmImageVersion')]"
                    },
                    "osDisk": {
                      "caching": "ReadOnly",
                      "createOption": "FromImage",
                      "managedDisk": {
                        "storageAccountType": "[parameters('storageAccountType')]"
                      }
                    },
                    "dataDisks": [
                      {
                        "lun": 0,
                        "createOption": "Empty",
                        "caching": "ReadOnly",
                        //"writeAcceleratorEnabled": false,
                        "managedDisk": {
                          "storageAccountType": "[parameters('storageAccountType')]"
                        },
                        "diskSizeGB": 128
                      }
                    ]
                  }
                }
            },
            "sku": {
                "name": "[parameters('vmNodeType0Size')]",
                "capacity": "[parameters('nt0InstanceCount')]",
                "tier": "Standard"
            },
            "tags": {
                "resourceType": "Service Fabric",
                "clusterName": "[parameters('clusterName')]"
            }
        },
        {
            "apiVersion": "2018-02-01",
            "type": "Microsoft.ServiceFabric/clusters",
            "name": "[parameters('clusterName')]",
            "location": "[parameters('clusterLocation')]",
            "dependsOn": [
                "[concat('Microsoft.Storage/storageAccounts/', parameters('supportLogStorageAccountName'))]"
            ],
            "properties": {
                "addonFeatures": [
                    "DnsService"
                ],
                "certificate": {
                    "thumbprint": "[parameters('certificateThumbprint')]",
                    "x509StoreName": "[parameters('certificateStoreValue')]"
                },
                "clientCertificateCommonNames": [],
                "clientCertificateThumbprints": [],
                "clusterCodeVersion": "9.1.1436.9590",
                "clusterState": "Default",
                "diagnosticsStorageAccountConfig": {
                    "blobEndpoint": "[reference(concat('Microsoft.Storage/storageAccounts/', parameters('supportLogStorageAccountName')), variables('storageApiVersion')).primaryEndpoints.blob]",
                    "protectedAccountKeyName": "StorageAccountKey1",
                    "queueEndpoint": "[reference(concat('Microsoft.Storage/storageAccounts/', parameters('supportLogStorageAccountName')), variables('storageApiVersion')).primaryEndpoints.queue]",
                    "storageAccountName": "[parameters('supportLogStorageAccountName')]",
                    "tableEndpoint": "[reference(concat('Microsoft.Storage/storageAccounts/', parameters('supportLogStorageAccountName')), variables('storageApiVersion')).primaryEndpoints.table]"
                },
              "fabricSettings": [
                {
                  "parameters": [
                    {
                      "name": "ClusterProtectionLevel",
                      "value": "[parameters('clusterProtectionLevel')]"
                    }
                  ],
                  "name": "Security"
                },
                {
                  "parameters": [
                    {
                      "name": "EndpointProviderEnabled",
                      "value": "true"
                    },
                    {
                      "name": "PruneContainerImages",
                      "value": "True"
                    },
                    {
                      "name": "ContainerImagesToSkip",
                      "value": "microsoft/dotnet|mcr.microsoft.com/windows/servercore/iis|mcr.microsoft.com/dotnet/core/aspnet|wktaauk.azurecr.io/oneclick-base"
                    },
                    {
                      "name": "DefaultContainerRepositoryAccountName",
                      "value": "wktaauk"
                    },
                    {
                      "name": "DefaultContainerRepositoryPassword",
                      "value": "7sYMmaMmP1RuBLc4icWO+9Vywo/iSG6U"
                    },
                    {
                      "name": "IsDefaultContainerRepositoryPasswordEncrypted",
                      "value": "false"
                    },
                    {
                      "name": "DefaultContainerRepositoryPasswordType",
                      "value": "PlainText"
                    },
                    {
                      "name": "ContainerServiceArguments",
                      "value": "--graph e:\\docker"
                    },
                    {
                      "name": "ContainerServiceArguments",
                      "value": "--graph e:\\docker -H localhost:2375 -H npipe://"
                    },
                    {
                      "name": "ContainerImageDownloadTimeout",
                      "value": "3600"
                    }
                  ],
                  "name": "Hosting"
                },
                {
                  "parameters": [
                    {
                      "name": "TargetReplicaSetSize",
                      "value": "3"
                    },
                    {
                      "name": "MinReplicaSetSize",
                      "value": "1"
                    }
                  ],
                  "name": "EventStoreService"
                }
              ],
                "managementEndpoint": "[concat('https://',reference(variables('lbName')).frontEndIPConfigurations[0].properties.privateIPAddress,':',parameters('nt0fabricHttpGatewayPort'))]",
                "nodeTypes": [
                    {
                        "name": "[parameters('vmNodeType0Name')]",
                        "applicationPorts": {
                            "endPort": "[parameters('nt0applicationEndPort')]",
                            "startPort": "[parameters('nt0applicationStartPort')]"
                        },
                        "clientConnectionEndpointPort": "[parameters('nt0fabricTcpGatewayPort')]",
                        "durabilityLevel": "Silver",
                        "ephemeralPorts": {
                            "endPort": "[parameters('nt0ephemeralEndPort')]",
                            "startPort": "[parameters('nt0ephemeralStartPort')]"
                        },
                        "httpGatewayEndpointPort": "[parameters('nt0fabricHttpGatewayPort')]",
                        "reverseProxyEndpointPort": "[parameters('SFReverseProxyPort')]",
                        "isPrimary": true,
                        "vmInstanceCount": "[parameters('nt0InstanceCount')]"
                    }
                ],
                "provisioningState": "Default",
                "reliabilityLevel": "Silver",
                "upgradeMode": "Manual",
                "vmImage": "Windows"
            },
            "tags": {
                "resourceType": "Service Fabric",
                "clusterName": "[parameters('clusterName')]"
            }
        }
    ],
    "outputs": {
        "clusterProperties": {
            "value": "[reference(parameters('clusterName'))]",
            "type": "object"
        }
    }
}